Date,Year,Month,MonthName,Day,Weekday,Quarter
2020-04-01,2020,4,April,1,Wednesday,2
2020-04-02,2020,4,April,2,Thursday,2
2020-04-03,2020,4,April,3,Friday,2
2020-04-04,2020,4,April,4,Saturday,2
2020-04-05,2020,4,April,5,Sunday,2
2020-04-06,2020,4,April,6,Monday,2
2020-04-07,2020,4,April,7,Tuesday,2
2020-04-08,2020,4,April,8,Wednesday,2
2020-04-09,2020,4,April,9,Thursday,2
2020-04-10,2020,4,April,10,Friday,2
2020-04-11,2020,4,April,11,Saturday,2
2020-04-12,2020,4,April,12,Sunday,2
2020-04-13,2020,4,April,13,Monday,2
2020-04-14,2020,4,April,14,Tuesday,2
2020-04-15,2020,4,April,15,Wednesday,2
2020-04-16,2020,4,April,16,Thursday,2
2020-04-17,2020,4,April,17,Friday,2
2020-04-18,2020,4,April,18,Saturday,2
2020-04-19,2020,4,April,19,Sunday,2
2020-04-20,2020,4,April,20,Monday,2
2020-04-21,2020,4,April,21,Tuesday,2
2020-04-22,2020,4,April,22,Wednesday,2
2020-04-23,2020,4,April,23,Thursday,2
2020-04-24,2020,4,April,24,Friday,2
2020-04-25,2020,4,April,25,Saturday,2
2020-04-26,2020,4,April,26,Sunday,2
2020-04-27,2020,4,April,27,Monday,2
2020-04-28,2020,4,April,28,Tuesday,2
2020-04-29,2020,4,April,29,Wednesday,2
2020-04-30,2020,4,April,30,Thursday,2
2020-05-01,2020,5,May,1,Friday,2
2020-05-02,2020,5,May,2,Saturday,2
2020-05-03,2020,5,May,3,Sunday,2
2020-05-04,2020,5,May,4,Monday,2
2020-05-05,2020,5,May,5,Tuesday,2
2020-05-06,2020,5,May,6,Wednesday,2
2020-05-07,2020,5,May,7,Thursday,2
2020-05-08,2020,5,May,8,Friday,2
2020-05-09,2020,5,May,9,Saturday,2
2020-05-10,2020,5,May,10,Sunday,2
2020-05-11,2020,5,May,11,Monday,2
2020-05-12,2020,5,May,12,Tuesday,2
2020-05-13,2020,5,May,13,Wednesday,2
2020-05-14,2020,5,May,14,Thursday,2
2020-05-15,2020,5,May,15,Friday,2
2020-05-16,2020,5,May,16,Saturday,2
2020-05-17,2020,5,May,17,Sunday,2
2020-05-18,2020,5,May,18,Monday,2
2020-05-19,2020,5,May,19,Tuesday,2
2020-05-20,2020,5,May,20,Wednesday,2
2020-05-21,2020,5,May,21,Thursday,2
2020-05-22,2020,5,May,22,Friday,2
2020-05-23,2020,5,May,23,Saturday,2
2020-05-24,2020,5,May,24,Sunday,2
2020-05-25,2020,5,May,25,Monday,2
2020-05-26,2020,5,May,26,Tuesday,2
2020-05-27,2020,5,May,27,Wednesday,2
2020-05-28,2020,5,May,28,Thursday,2
2020-05-29,2020,5,May,29,Friday,2
2020-05-30,2020,5,May,30,Saturday,2
2020-05-31,2020,5,May,31,Sunday,2
2020-06-01,2020,6,June,1,Monday,2
2020-06-02,2020,6,June,2,Tuesday,2
2020-06-03,2020,6,June,3,Wednesday,2
2020-06-04,2020,6,June,4,Thursday,2
2020-06-05,2020,6,June,5,Friday,2
2020-06-06,2020,6,June,6,Saturday,2
2020-06-07,2020,6,June,7,Sunday,2
2020-06-08,2020,6,June,8,Monday,2
2020-06-09,2020,6,June,9,Tuesday,2
2020-06-10,2020,6,June,10,Wednesday,2
2020-06-11,2020,6,June,11,Thursday,2
2020-06-12,2020,6,June,12,Friday,2
2020-06-13,2020,6,June,13,Saturday,2
2020-06-14,2020,6,June,14,Sunday,2
2020-06-15,2020,6,June,15,Monday,2
2020-06-16,2020,6,June,16,Tuesday,2
2020-06-17,2020,6,June,17,Wednesday,2
2020-06-18,2020,6,June,18,Thursday,2
2020-06-19,2020,6,June,19,Friday,2
2020-06-20,2020,6,June,20,Saturday,2
2020-06-21,2020,6,June,21,Sunday,2
2020-06-22,2020,6,June,22,Monday,2
2020-06-23,2020,6,June,23,Tuesday,2
2020-06-24,2020,6,June,24,Wednesday,2
2020-06-25,2020,6,June,25,Thursday,2
2020-06-26,2020,6,June,26,Friday,2
2020-06-27,2020,6,June,27,Saturday,2
2020-06-28,2020,6,June,28,Sunday,2
2020-06-29,2020,6,June,29,Monday,2
2020-06-30,2020,6,June,30,Tuesday,2
2020-07-01,2020,7,July,1,Wednesday,3
2020-07-02,2020,7,July,2,Thursday,3
2020-07-03,2020,7,July,3,Friday,3
2020-07-04,2020,7,July,4,Saturday,3
2020-07-05,2020,7,July,5,Sunday,3
2020-07-06,2020,7,July,6,Monday,3
2020-07-07,2020,7,July,7,Tuesday,3
2020-07-08,2020,7,July,8,Wednesday,3
2020-07-09,2020,7,July,9,Thursday,3
2020-07-10,2020,7,July,10,Friday,3
2020-07-11,2020,7,July,11,Saturday,3
2020-07-12,2020,7,July,12,Sunday,3
2020-07-13,2020,7,July,13,Monday,3
2020-07-14,2020,7,July,14,Tuesday,3
2020-07-15,2020,7,July,15,Wednesday,3
2020-07-16,2020,7,July,16,Thursday,3
2020-07-17,2020,7,July,17,Friday,3
2020-07-18,2020,7,July,18,Saturday,3
2020-07-19,2020,7,July,19,Sunday,3
2020-07-20,2020,7,July,20,Monday,3
2020-07-21,2020,7,July,21,Tuesday,3
2020-07-22,2020,7,July,22,Wednesday,3
2020-07-23,2020,7,July,23,Thursday,3
2020-07-24,2020,7,July,24,Friday,3
2020-07-25,2020,7,July,25,Saturday,3
2020-07-26,2020,7,July,26,Sunday,3
2020-07-27,2020,7,July,27,Monday,3
2020-07-28,2020,7,July,28,Tuesday,3
2020-07-29,2020,7,July,29,Wednesday,3
2020-07-30,2020,7,July,30,Thursday,3
2020-07-31,2020,7,July,31,Friday,3
2020-08-01,2020,8,August,1,Saturday,3
2020-08-02,2020,8,August,2,Sunday,3
2020-08-03,2020,8,August,3,Monday,3
2020-08-04,2020,8,August,4,Tuesday,3
2020-08-05,2020,8,August,5,Wednesday,3
2020-08-06,2020,8,August,6,Thursday,3
2020-08-07,2020,8,August,7,Friday,3
2020-08-08,2020,8,August,8,Saturday,3
2020-08-09,2020,8,August,9,Sunday,3
2020-08-10,2020,8,August,10,Monday,3
2020-08-11,2020,8,August,11,Tuesday,3
2020-08-12,2020,8,August,12,Wednesday,3
2020-08-13,2020,8,August,13,Thursday,3
2020-08-14,2020,8,August,14,Friday,3
2020-08-15,2020,8,August,15,Saturday,3
2020-08-16,2020,8,August,16,Sunday,3
2020-08-17,2020,8,August,17,Monday,3
2020-08-18,2020,8,August,18,Tuesday,3
2020-08-19,2020,8,August,19,Wednesday,3
2020-08-20,2020,8,August,20,Thursday,3
2020-08-21,2020,8,August,21,Friday,3
2020-08-22,2020,8,August,22,Saturday,3
2020-08-23,2020,8,August,23,Sunday,3
2020-08-24,2020,8,August,24,Monday,3
2020-08-25,2020,8,August,25,Tuesday,3
2020-08-26,2020,8,August,26,Wednesday,3
2020-08-27,2020,8,August,27,Thursday,3
2020-08-28,2020,8,August,28,Friday,3
2020-08-29,2020,8,August,29,Saturday,3
2020-08-30,2020,8,August,30,Sunday,3
2020-08-31,2020,8,August,31,Monday,3
2020-09-01,2020,9,September,1,Tuesday,3
2020-09-02,2020,9,September,2,Wednesday,3
2020-09-03,2020,9,September,3,Thursday,3
2020-09-04,2020,9,September,4,Friday,3
2020-09-05,2020,9,September,5,Saturday,3
2020-09-06,2020,9,September,6,Sunday,3
2020-09-07,2020,9,September,7,Monday,3
2020-09-08,2020,9,September,8,Tuesday,3
2020-09-09,2020,9,September,9,Wednesday,3
2020-09-10,2020,9,September,10,Thursday,3
2020-09-11,2020,9,September,11,Friday,3
2020-09-12,2020,9,September,12,Saturday,3
2020-09-13,2020,9,September,13,Sunday,3
2020-09-14,2020,9,September,14,Monday,3
2020-09-15,2020,9,September,15,Tuesday,3
2020-09-16,2020,9,September,16,Wednesday,3
2020-09-17,2020,9,September,17,Thursday,3
2020-09-18,2020,9,September,18,Friday,3
2020-09-19,2020,9,September,19,Saturday,3
2020-09-20,2020,9,September,20,Sunday,3
2020-09-21,2020,9,September,21,Monday,3
2020-09-22,2020,9,September,22,Tuesday,3
2020-09-23,2020,9,September,23,Wednesday,3
2020-09-24,2020,9,September,24,Thursday,3
2020-09-25,2020,9,September,25,Friday,3
2020-09-26,2020,9,September,26,Saturday,3
2020-09-27,2020,9,September,27,Sunday,3
2020-09-28,2020,9,September,28,Monday,3
2020-09-29,2020,9,September,29,Tuesday,3
2020-09-30,2020,9,September,30,Wednesday,3
2020-10-01,2020,10,October,1,Thursday,4
2020-10-02,2020,10,October,2,Friday,4
2020-10-03,2020,10,October,3,Saturday,4
2020-10-04,2020,10,October,4,Sunday,4
2020-10-05,2020,10,October,5,Monday,4
2020-10-06,2020,10,October,6,Tuesday,4
2020-10-07,2020,10,October,7,Wednesday,4
2020-10-08,2020,10,October,8,Thursday,4
2020-10-09,2020,10,October,9,Friday,4
2020-10-10,2020,10,October,10,Saturday,4
2020-10-11,2020,10,October,11,Sunday,4
2020-10-12,2020,10,October,12,Monday,4
2020-10-13,2020,10,October,13,Tuesday,4
2020-10-14,2020,10,October,14,Wednesday,4
2020-10-15,2020,10,October,15,Thursday,4
2020-10-16,2020,10,October,16,Friday,4
2020-10-17,2020,10,October,17,Saturday,4
2020-10-18,2020,10,October,18,Sunday,4
2020-10-19,2020,10,October,19,Monday,4
2020-10-20,2020,10,October,20,Tuesday,4
2020-10-21,2020,10,October,21,Wednesday,4
2020-10-22,2020,10,October,22,Thursday,4
2020-10-23,2020,10,October,23,Friday,4
2020-10-24,2020,10,October,24,Saturday,4
2020-10-25,2020,10,October,25,Sunday,4
2020-10-26,2020,10,October,26,Monday,4
2020-10-27,2020,10,October,27,Tuesday,4
2020-10-28,2020,10,October,28,Wednesday,4
2020-10-29,2020,10,October,29,Thursday,4
2020-10-30,2020,10,October,30,Friday,4
2020-10-31,2020,10,October,31,Saturday,4
2020-11-01,2020,11,November,1,Sunday,4
2020-11-02,2020,11,November,2,Monday,4
2020-11-03,2020,11,November,3,Tuesday,4
2020-11-04,2020,11,November,4,Wednesday,4
2020-11-05,2020,11,November,5,Thursday,4
2020-11-06,2020,11,November,6,Friday,4
2020-11-07,2020,11,November,7,Saturday,4
2020-11-08,2020,11,November,8,Sunday,4
2020-11-09,2020,11,November,9,Monday,4
2020-11-10,2020,11,November,10,Tuesday,4
2020-11-11,2020,11,November,11,Wednesday,4
2020-11-12,2020,11,November,12,Thursday,4
2020-11-13,2020,11,November,13,Friday,4
2020-11-14,2020,11,November,14,Saturday,4
2020-11-15,2020,11,November,15,Sunday,4
2020-11-16,2020,11,November,16,Monday,4
2020-11-17,2020,11,November,17,Tuesday,4
2020-11-18,2020,11,November,18,Wednesday,4
2020-11-19,2020,11,November,19,Thursday,4
2020-11-20,2020,11,November,20,Friday,4
2020-11-21,2020,11,November,21,Saturday,4
2020-11-22,2020,11,November,22,Sunday,4
2020-11-23,2020,11,November,23,Monday,4
2020-11-24,2020,11,November,24,Tuesday,4
2020-11-25,2020,11,November,25,Wednesday,4
2020-11-26,2020,11,November,26,Thursday,4
2020-11-27,2020,11,November,27,Friday,4
2020-11-28,2020,11,November,28,Saturday,4
2020-11-29,2020,11,November,29,Sunday,4
2020-11-30,2020,11,November,30,Monday,4
2020-12-01,2020,12,December,1,Tuesday,4
2020-12-02,2020,12,December,2,Wednesday,4
2020-12-03,2020,12,December,3,Thursday,4
2020-12-04,2020,12,December,4,Friday,4
2020-12-05,2020,12,December,5,Saturday,4
2020-12-06,2020,12,December,6,Sunday,4
2020-12-07,2020,12,December,7,Monday,4
2020-12-08,2020,12,December,8,Tuesday,4
2020-12-09,2020,12,December,9,Wednesday,4
2020-12-10,2020,12,December,10,Thursday,4
2020-12-11,2020,12,December,11,Friday,4
2020-12-12,2020,12,December,12,Saturday,4
2020-12-13,2020,12,December,13,Sunday,4
2020-12-14,2020,12,December,14,Monday,4
2020-12-15,2020,12,December,15,Tuesday,4
2020-12-16,2020,12,December,16,Wednesday,4
2020-12-17,2020,12,December,17,Thursday,4
2020-12-18,2020,12,December,18,Friday,4
2020-12-19,2020,12,December,19,Saturday,4
2020-12-20,2020,12,December,20,Sunday,4
2020-12-21,2020,12,December,21,Monday,4
2020-12-22,2020,12,December,22,Tuesday,4
2020-12-23,2020,12,December,23,Wednesday,4
2020-12-24,2020,12,December,24,Thursday,4
2020-12-25,2020,12,December,25,Friday,4
2020-12-26,2020,12,December,26,Saturday,4
2020-12-27,2020,12,December,27,Sunday,4
2020-12-28,2020,12,December,28,Monday,4
2020-12-29,2020,12,December,29,Tuesday,4
2020-12-30,2020,12,December,30,Wednesday,4
2020-12-31,2020,12,December,31,Thursday,4
2021-01-01,2021,1,January,1,Friday,1
2021-01-02,2021,1,January,2,Saturday,1
2021-01-03,2021,1,January,3,Sunday,1
2021-01-04,2021,1,January,4,Monday,1
2021-01-05,2021,1,January,5,Tuesday,1
2021-01-06,2021,1,January,6,Wednesday,1
2021-01-07,2021,1,January,7,Thursday,1
2021-01-08,2021,1,January,8,Friday,1
2021-01-09,2021,1,January,9,Saturday,1
2021-01-10,2021,1,January,10,Sunday,1
2021-01-11,2021,1,January,11,Monday,1
2021-01-12,2021,1,January,12,Tuesday,1
2021-01-13,2021,1,January,13,Wednesday,1
2021-01-14,2021,1,January,14,Thursday,1
2021-01-15,2021,1,January,15,Friday,1
2021-01-16,2021,1,January,16,Saturday,1
2021-01-17,2021,1,January,17,Sunday,1
2021-01-18,2021,1,January,18,Monday,1
2021-01-19,2021,1,January,19,Tuesday,1
2021-01-20,2021,1,January,20,Wednesday,1
2021-01-21,2021,1,January,21,Thursday,1
2021-01-22,2021,1,January,22,Friday,1
2021-01-23,2021,1,January,23,Saturday,1
2021-01-24,2021,1,January,24,Sunday,1
2021-01-25,2021,1,January,25,Monday,1
2021-01-26,2021,1,January,26,Tuesday,1
2021-01-27,2021,1,January,27,Wednesday,1
2021-01-28,2021,1,January,28,Thursday,1
2021-01-29,2021,1,January,29,Friday,1
2021-01-30,2021,1,January,30,Saturday,1
2021-01-31,2021,1,January,31,Sunday,1
2021-02-01,2021,2,February,1,Monday,1
2021-02-02,2021,2,February,2,Tuesday,1
2021-02-03,2021,2,February,3,Wednesday,1
2021-02-04,2021,2,February,4,Thursday,1
2021-02-05,2021,2,February,5,Friday,1
2021-02-06,2021,2,February,6,Saturday,1
2021-02-07,2021,2,February,7,Sunday,1
2021-02-08,2021,2,February,8,Monday,1
2021-02-09,2021,2,February,9,Tuesday,1
2021-02-10,2021,2,February,10,Wednesday,1
2021-02-11,2021,2,February,11,Thursday,1
2021-02-12,2021,2,February,12,Friday,1
2021-02-13,2021,2,February,13,Saturday,1
2021-02-14,2021,2,February,14,Sunday,1
2021-02-15,2021,2,February,15,Monday,1
2021-02-16,2021,2,February,16,Tuesday,1
2021-02-17,2021,2,February,17,Wednesday,1
2021-02-18,2021,2,February,18,Thursday,1
2021-02-19,2021,2,February,19,Friday,1
2021-02-20,2021,2,February,20,Saturday,1
2021-02-21,2021,2,February,21,Sunday,1
2021-02-22,2021,2,February,22,Monday,1
2021-02-23,2021,2,February,23,Tuesday,1
2021-02-24,2021,2,February,24,Wednesday,1
2021-02-25,2021,2,February,25,Thursday,1
2021-02-26,2021,2,February,26,Friday,1
2021-02-27,2021,2,February,27,Saturday,1
2021-02-28,2021,2,February,28,Sunday,1
2021-03-01,2021,3,March,1,Monday,1
2021-03-02,2021,3,March,2,Tuesday,1
2021-03-03,2021,3,March,3,Wednesday,1
2021-03-04,2021,3,March,4,Thursday,1
2021-03-05,2021,3,March,5,Friday,1
2021-03-06,2021,3,March,6,Saturday,1
2021-03-07,2021,3,March,7,Sunday,1
2021-03-08,2021,3,March,8,Monday,1
2021-03-09,2021,3,March,9,Tuesday,1
2021-03-10,2021,3,March,10,Wednesday,1
2021-03-11,2021,3,March,11,Thursday,1
2021-03-12,2021,3,March,12,Friday,1
2021-03-13,2021,3,March,13,Saturday,1
2021-03-14,2021,3,March,14,Sunday,1
2021-03-15,2021,3,March,15,Monday,1
2021-03-16,2021,3,March,16,Tuesday,1
2021-03-17,2021,3,March,17,Wednesday,1
2021-03-18,2021,3,March,18,Thursday,1
2021-03-19,2021,3,March,19,Friday,1
2021-03-20,2021,3,March,20,Saturday,1
2021-03-21,2021,3,March,21,Sunday,1
2021-03-22,2021,3,March,22,Monday,1
2021-03-23,2021,3,March,23,Tuesday,1
2021-03-24,2021,3,March,24,Wednesday,1
2021-03-25,2021,3,March,25,Thursday,1
2021-03-26,2021,3,March,26,Friday,1
2021-03-27,2021,3,March,27,Saturday,1
2021-03-28,2021,3,March,28,Sunday,1
2021-03-29,2021,3,March,29,Monday,1
2021-03-30,2021,3,March,30,Tuesday,1
2021-03-31,2021,3,March,31,Wednesday,1
2021-04-01,2021,4,April,1,Thursday,2
2021-04-02,2021,4,April,2,Friday,2
2021-04-03,2021,4,April,3,Saturday,2
2021-04-04,2021,4,April,4,Sunday,2
2021-04-05,2021,4,April,5,Monday,2
2021-04-06,2021,4,April,6,Tuesday,2
2021-04-07,2021,4,April,7,Wednesday,2
2021-04-08,2021,4,April,8,Thursday,2
2021-04-09,2021,4,April,9,Friday,2
2021-04-10,2021,4,April,10,Saturday,2
2021-04-11,2021,4,April,11,Sunday,2
2021-04-12,2021,4,April,12,Monday,2
2021-04-13,2021,4,April,13,Tuesday,2
2021-04-14,2021,4,April,14,Wednesday,2
2021-04-15,2021,4,April,15,Thursday,2
2021-04-16,2021,4,April,16,Friday,2
2021-04-17,2021,4,April,17,Saturday,2
2021-04-18,2021,4,April,18,Sunday,2
2021-04-19,2021,4,April,19,Monday,2
2021-04-20,2021,4,April,20,Tuesday,2
2021-04-21,2021,4,April,21,Wednesday,2
2021-04-22,2021,4,April,22,Thursday,2
2021-04-23,2021,4,April,23,Friday,2
2021-04-24,2021,4,April,24,Saturday,2
2021-04-25,2021,4,April,25,Sunday,2
2021-04-26,2021,4,April,26,Monday,2
2021-04-27,2021,4,April,27,Tuesday,2
2021-04-28,2021,4,April,28,Wednesday,2
2021-04-29,2021,4,April,29,Thursday,2
2021-04-30,2021,4,April,30,Friday,2
2021-05-01,2021,5,May,1,Saturday,2
2021-05-02,2021,5,May,2,Sunday,2
2021-05-03,2021,5,May,3,Monday,2
2021-05-04,2021,5,May,4,Tuesday,2
2021-05-05,2021,5,May,5,Wednesday,2
2021-05-06,2021,5,May,6,Thursday,2
2021-05-07,2021,5,May,7,Friday,2
2021-05-08,2021,5,May,8,Saturday,2
2021-05-09,2021,5,May,9,Sunday,2
2021-05-10,2021,5,May,10,Monday,2
2021-05-11,2021,5,May,11,Tuesday,2
2021-05-12,2021,5,May,12,Wednesday,2
2021-05-13,2021,5,May,13,Thursday,2
2021-05-14,2021,5,May,14,Friday,2
2021-05-15,2021,5,May,15,Saturday,2
2021-05-16,2021,5,May,16,Sunday,2
2021-05-17,2021,5,May,17,Monday,2
2021-05-18,2021,5,May,18,Tuesday,2
2021-05-19,2021,5,May,19,Wednesday,2
2021-05-20,2021,5,May,20,Thursday,2
2021-05-21,2021,5,May,21,Friday,2
2021-05-22,2021,5,May,22,Saturday,2
2021-05-23,2021,5,May,23,Sunday,2
2021-05-24,2021,5,May,24,Monday,2
2021-05-25,2021,5,May,25,Tuesday,2
2021-05-26,2021,5,May,26,Wednesday,2
2021-05-27,2021,5,May,27,Thursday,2
2021-05-28,2021,5,May,28,Friday,2
2021-05-29,2021,5,May,29,Saturday,2
2021-05-30,2021,5,May,30,Sunday,2
2021-05-31,2021,5,May,31,Monday,2
2021-06-01,2021,6,June,1,Tuesday,2
2021-06-02,2021,6,June,2,Wednesday,2
2021-06-03,2021,6,June,3,Thursday,2
2021-06-04,2021,6,June,4,Friday,2
2021-06-05,2021,6,June,5,Saturday,2
2021-06-06,2021,6,June,6,Sunday,2
2021-06-07,2021,6,June,7,Monday,2
2021-06-08,2021,6,June,8,Tuesday,2
2021-06-09,2021,6,June,9,Wednesday,2
2021-06-10,2021,6,June,10,Thursday,2
2021-06-11,2021,6,June,11,Friday,2
2021-06-12,2021,6,June,12,Saturday,2
2021-06-13,2021,6,June,13,Sunday,2
2021-06-14,2021,6,June,14,Monday,2
2021-06-15,2021,6,June,15,Tuesday,2
2021-06-16,2021,6,June,16,Wednesday,2
2021-06-17,2021,6,June,17,Thursday,2
2021-06-18,2021,6,June,18,Friday,2
2021-06-19,2021,6,June,19,Saturday,2
2021-06-20,2021,6,June,20,Sunday,2
2021-06-21,2021,6,June,21,Monday,2
2021-06-22,2021,6,June,22,Tuesday,2
2021-06-23,2021,6,June,23,Wednesday,2
2021-06-24,2021,6,June,24,Thursday,2
2021-06-25,2021,6,June,25,Friday,2
2021-06-26,2021,6,June,26,Saturday,2
2021-06-27,2021,6,June,27,Sunday,2
2021-06-28,2021,6,June,28,Monday,2
2021-06-29,2021,6,June,29,Tuesday,2
2021-06-30,2021,6,June,30,Wednesday,2
2021-07-01,2021,7,July,1,Thursday,3
2021-07-02,2021,7,July,2,Friday,3
2021-07-03,2021,7,July,3,Saturday,3
2021-07-04,2021,7,July,4,Sunday,3
2021-07-05,2021,7,July,5,Monday,3
2021-07-06,2021,7,July,6,Tuesday,3
2021-07-07,2021,7,July,7,Wednesday,3
2021-07-08,2021,7,July,8,Thursday,3
2021-07-09,2021,7,July,9,Friday,3
2021-07-10,2021,7,July,10,Saturday,3
2021-07-11,2021,7,July,11,Sunday,3
2021-07-12,2021,7,July,12,Monday,3
2021-07-13,2021,7,July,13,Tuesday,3
2021-07-14,2021,7,July,14,Wednesday,3
2021-07-15,2021,7,July,15,Thursday,3
2021-07-16,2021,7,July,16,Friday,3
2021-07-17,2021,7,July,17,Saturday,3
2021-07-18,2021,7,July,18,Sunday,3
2021-07-19,2021,7,July,19,Monday,3
2021-07-20,2021,7,July,20,Tuesday,3
2021-07-21,2021,7,July,21,Wednesday,3
2021-07-22,2021,7,July,22,Thursday,3
2021-07-23,2021,7,July,23,Friday,3
2021-07-24,2021,7,July,24,Saturday,3
2021-07-25,2021,7,July,25,Sunday,3
2021-07-26,2021,7,July,26,Monday,3
2021-07-27,2021,7,July,27,Tuesday,3
2021-07-28,2021,7,July,28,Wednesday,3
2021-07-29,2021,7,July,29,Thursday,3
2021-07-30,2021,7,July,30,Friday,3
2021-07-31,2021,7,July,31,Saturday,3
2021-08-01,2021,8,August,1,Sunday,3
2021-08-02,2021,8,August,2,Monday,3
2021-08-03,2021,8,August,3,Tuesday,3
2021-08-04,2021,8,August,4,Wednesday,3
2021-08-05,2021,8,August,5,Thursday,3
2021-08-06,2021,8,August,6,Friday,3
2021-08-07,2021,8,August,7,Saturday,3
2021-08-08,2021,8,August,8,Sunday,3
2021-08-09,2021,8,August,9,Monday,3
2021-08-10,2021,8,August,10,Tuesday,3
2021-08-11,2021,8,August,11,Wednesday,3
2021-08-12,2021,8,August,12,Thursday,3
2021-08-13,2021,8,August,13,Friday,3
2021-08-14,2021,8,August,14,Saturday,3
2021-08-15,2021,8,August,15,Sunday,3
2021-08-16,2021,8,August,16,Monday,3
2021-08-17,2021,8,August,17,Tuesday,3
2021-08-18,2021,8,August,18,Wednesday,3
2021-08-19,2021,8,August,19,Thursday,3
2021-08-20,2021,8,August,20,Friday,3
2021-08-21,2021,8,August,21,Saturday,3
2021-08-22,2021,8,August,22,Sunday,3
2021-08-23,2021,8,August,23,Monday,3
2021-08-24,2021,8,August,24,Tuesday,3
2021-08-25,2021,8,August,25,Wednesday,3
2021-08-26,2021,8,August,26,Thursday,3
2021-08-27,2021,8,August,27,Friday,3
2021-08-28,2021,8,August,28,Saturday,3
2021-08-29,2021,8,August,29,Sunday,3
2021-08-30,2021,8,August,30,Monday,3
2021-08-31,2021,8,August,31,Tuesday,3
2021-09-01,2021,9,September,1,Wednesday,3
2021-09-02,2021,9,September,2,Thursday,3
2021-09-03,2021,9,September,3,Friday,3
2021-09-04,2021,9,September,4,Saturday,3
2021-09-05,2021,9,September,5,Sunday,3
2021-09-06,2021,9,September,6,Monday,3
2021-09-07,2021,9,September,7,Tuesday,3
2021-09-08,2021,9,September,8,Wednesday,3
2021-09-09,2021,9,September,9,Thursday,3
2021-09-10,2021,9,September,10,Friday,3
2021-09-11,2021,9,September,11,Saturday,3
2021-09-12,2021,9,September,12,Sunday,3
2021-09-13,2021,9,September,13,Monday,3
2021-09-14,2021,9,September,14,Tuesday,3
2021-09-15,2021,9,September,15,Wednesday,3
2021-09-16,2021,9,September,16,Thursday,3
2021-09-17,2021,9,September,17,Friday,3
2021-09-18,2021,9,September,18,Saturday,3
2021-09-19,2021,9,September,19,Sunday,3
2021-09-20,2021,9,September,20,Monday,3
2021-09-21,2021,9,September,21,Tuesday,3
2021-09-22,2021,9,September,22,Wednesday,3
2021-09-23,2021,9,September,23,Thursday,3
2021-09-24,2021,9,September,24,Friday,3
2021-09-25,2021,9,September,25,Saturday,3
2021-09-26,2021,9,September,26,Sunday,3
2021-09-27,2021,9,September,27,Monday,3
2021-09-28,2021,9,September,28,Tuesday,3
2021-09-29,2021,9,September,29,Wednesday,3
2021-09-30,2021,9,September,30,Thursday,3
2021-10-01,2021,10,October,1,Friday,4
2021-10-02,2021,10,October,2,Saturday,4
2021-10-03,2021,10,October,3,Sunday,4
2021-10-04,2021,10,October,4,Monday,4
2021-10-05,2021,10,October,5,Tuesday,4
2021-10-06,2021,10,October,6,Wednesday,4
2021-10-07,2021,10,October,7,Thursday,4
2021-10-08,2021,10,October,8,Friday,4
2021-10-09,2021,10,October,9,Saturday,4
2021-10-10,2021,10,October,10,Sunday,4
2021-10-11,2021,10,October,11,Monday,4
2021-10-12,2021,10,October,12,Tuesday,4
2021-10-13,2021,10,October,13,Wednesday,4
2021-10-14,2021,10,October,14,Thursday,4
2021-10-15,2021,10,October,15,Friday,4
2021-10-16,2021,10,October,16,Saturday,4
2021-10-17,2021,10,October,17,Sunday,4
2021-10-18,2021,10,October,18,Monday,4
2021-10-19,2021,10,October,19,Tuesday,4
2021-10-20,2021,10,October,20,Wednesday,4
2021-10-21,2021,10,October,21,Thursday,4
2021-10-22,2021,10,October,22,Friday,4
2021-10-23,2021,10,October,23,Saturday,4
2021-10-24,2021,10,October,24,Sunday,4
2021-10-25,2021,10,October,25,Monday,4
2021-10-26,2021,10,October,26,Tuesday,4
2021-10-27,2021,10,October,27,Wednesday,4
2021-10-28,2021,10,October,28,Thursday,4
2021-10-29,2021,10,October,29,Friday,4
2021-10-30,2021,10,October,30,Saturday,4
2021-10-31,2021,10,October,31,Sunday,4
2021-11-01,2021,11,November,1,Monday,4
2021-11-02,2021,11,November,2,Tuesday,4
2021-11-03,2021,11,November,3,Wednesday,4
2021-11-04,2021,11,November,4,Thursday,4
2021-11-05,2021,11,November,5,Friday,4
2021-11-06,2021,11,November,6,Saturday,4
2021-11-07,2021,11,November,7,Sunday,4
2021-11-08,2021,11,November,8,Monday,4
2021-11-09,2021,11,November,9,Tuesday,4
2021-11-10,2021,11,November,10,Wednesday,4
2021-11-11,2021,11,November,11,Thursday,4
2021-11-12,2021,11,November,12,Friday,4
2021-11-13,2021,11,November,13,Saturday,4
2021-11-14,2021,11,November,14,Sunday,4
2021-11-15,2021,11,November,15,Monday,4
2021-11-16,2021,11,November,16,Tuesday,4
2021-11-17,2021,11,November,17,Wednesday,4
2021-11-18,2021,11,November,18,Thursday,4
2021-11-19,2021,11,November,19,Friday,4
2021-11-20,2021,11,November,20,Saturday,4
2021-11-21,2021,11,November,21,Sunday,4
2021-11-22,2021,11,November,22,Monday,4
2021-11-23,2021,11,November,23,Tuesday,4
2021-11-24,2021,11,November,24,Wednesday,4
2021-11-25,2021,11,November,25,Thursday,4
2021-11-26,2021,11,November,26,Friday,4
2021-11-27,2021,11,November,27,Saturday,4
2021-11-28,2021,11,November,28,Sunday,4
2021-11-29,2021,11,November,29,Monday,4
2021-11-30,2021,11,November,30,Tuesday,4
2021-12-01,2021,12,December,1,Wednesday,4
2021-12-02,2021,12,December,2,Thursday,4
2021-12-03,2021,12,December,3,Friday,4
2021-12-04,2021,12,December,4,Saturday,4
2021-12-05,2021,12,December,5,Sunday,4
2021-12-06,2021,12,December,6,Monday,4
2021-12-07,2021,12,December,7,Tuesday,4
2021-12-08,2021,12,December,8,Wednesday,4
2021-12-09,2021,12,December,9,Thursday,4
2021-12-10,2021,12,December,10,Friday,4
2021-12-11,2021,12,December,11,Saturday,4
2021-12-12,2021,12,December,12,Sunday,4
2021-12-13,2021,12,December,13,Monday,4
2021-12-14,2021,12,December,14,Tuesday,4
2021-12-15,2021,12,December,15,Wednesday,4
2021-12-16,2021,12,December,16,Thursday,4
2021-12-17,2021,12,December,17,Friday,4
2021-12-18,2021,12,December,18,Saturday,4
2021-12-19,2021,12,December,19,Sunday,4
2021-12-20,2021,12,December,20,Monday,4
2021-12-21,2021,12,December,21,Tuesday,4
2021-12-22,2021,12,December,22,Wednesday,4
2021-12-23,2021,12,December,23,Thursday,4
2021-12-24,2021,12,December,24,Friday,4
2021-12-25,2021,12,December,25,Saturday,4
2021-12-26,2021,12,December,26,Sunday,4
2021-12-27,2021,12,December,27,Monday,4
2021-12-28,2021,12,December,28,Tuesday,4
2021-12-29,2021,12,December,29,Wednesday,4
2021-12-30,2021,12,December,30,Thursday,4
2021-12-31,2021,12,December,31,Friday,4
2022-01-01,2022,1,January,1,Saturday,1
2022-01-02,2022,1,January,2,Sunday,1
2022-01-03,2022,1,January,3,Monday,1
2022-01-04,2022,1,January,4,Tuesday,1
2022-01-05,2022,1,January,5,Wednesday,1
2022-01-06,2022,1,January,6,Thursday,1
2022-01-07,2022,1,January,7,Friday,1
2022-01-08,2022,1,January,8,Saturday,1
2022-01-09,2022,1,January,9,Sunday,1
2022-01-10,2022,1,January,10,Monday,1
2022-01-11,2022,1,January,11,Tuesday,1
2022-01-12,2022,1,January,12,Wednesday,1
2022-01-13,2022,1,January,13,Thursday,1
2022-01-14,2022,1,January,14,Friday,1
2022-01-15,2022,1,January,15,Saturday,1
2022-01-16,2022,1,January,16,Sunday,1
2022-01-17,2022,1,January,17,Monday,1
2022-01-18,2022,1,January,18,Tuesday,1
2022-01-19,2022,1,January,19,Wednesday,1
2022-01-20,2022,1,January,20,Thursday,1
2022-01-21,2022,1,January,21,Friday,1
2022-01-22,2022,1,January,22,Saturday,1
2022-01-23,2022,1,January,23,Sunday,1
2022-01-24,2022,1,January,24,Monday,1
2022-01-25,2022,1,January,25,Tuesday,1
2022-01-26,2022,1,January,26,Wednesday,1
2022-01-27,2022,1,January,27,Thursday,1
2022-01-28,2022,1,January,28,Friday,1
2022-01-29,2022,1,January,29,Saturday,1
2022-01-30,2022,1,January,30,Sunday,1
2022-01-31,2022,1,January,31,Monday,1
2022-02-01,2022,2,February,1,Tuesday,1
2022-02-02,2022,2,February,2,Wednesday,1
2022-02-03,2022,2,February,3,Thursday,1
2022-02-04,2022,2,February,4,Friday,1
2022-02-05,2022,2,February,5,Saturday,1
2022-02-06,2022,2,February,6,Sunday,1
2022-02-07,2022,2,February,7,Monday,1
2022-02-08,2022,2,February,8,Tuesday,1
2022-02-09,2022,2,February,9,Wednesday,1
2022-02-10,2022,2,February,10,Thursday,1
2022-02-11,2022,2,February,11,Friday,1
2022-02-12,2022,2,February,12,Saturday,1
2022-02-13,2022,2,February,13,Sunday,1
2022-02-14,2022,2,February,14,Monday,1
2022-02-15,2022,2,February,15,Tuesday,1
2022-02-16,2022,2,February,16,Wednesday,1
2022-02-17,2022,2,February,17,Thursday,1
2022-02-18,2022,2,February,18,Friday,1
2022-02-19,2022,2,February,19,Saturday,1
2022-02-20,2022,2,February,20,Sunday,1
2022-02-21,2022,2,February,21,Monday,1
2022-02-22,2022,2,February,22,Tuesday,1
2022-02-23,2022,2,February,23,Wednesday,1
2022-02-24,2022,2,February,24,Thursday,1
2022-02-25,2022,2,February,25,Friday,1
2022-02-26,2022,2,February,26,Saturday,1
2022-02-27,2022,2,February,27,Sunday,1
2022-02-28,2022,2,February,28,Monday,1
2022-03-01,2022,3,March,1,Tuesday,1
2022-03-02,2022,3,March,2,Wednesday,1
2022-03-03,2022,3,March,3,Thursday,1
2022-03-04,2022,3,March,4,Friday,1
2022-03-05,2022,3,March,5,Saturday,1
2022-03-06,2022,3,March,6,Sunday,1
2022-03-07,2022,3,March,7,Monday,1
2022-03-08,2022,3,March,8,Tuesday,1
2022-03-09,2022,3,March,9,Wednesday,1
2022-03-10,2022,3,March,10,Thursday,1
2022-03-11,2022,3,March,11,Friday,1
2022-03-12,2022,3,March,12,Saturday,1
2022-03-13,2022,3,March,13,Sunday,1
2022-03-14,2022,3,March,14,Monday,1
2022-03-15,2022,3,March,15,Tuesday,1
2022-03-16,2022,3,March,16,Wednesday,1
2022-03-17,2022,3,March,17,Thursday,1
2022-03-18,2022,3,March,18,Friday,1
2022-03-19,2022,3,March,19,Saturday,1
2022-03-20,2022,3,March,20,Sunday,1
2022-03-21,2022,3,March,21,Monday,1
2022-03-22,2022,3,March,22,Tuesday,1
2022-03-23,2022,3,March,23,Wednesday,1
2022-03-24,2022,3,March,24,Thursday,1
2022-03-25,2022,3,March,25,Friday,1
2022-03-26,2022,3,March,26,Saturday,1
2022-03-27,2022,3,March,27,Sunday,1
2022-03-28,2022,3,March,28,Monday,1
2022-03-29,2022,3,March,29,Tuesday,1
2022-03-30,2022,3,March,30,Wednesday,1
2022-03-31,2022,3,March,31,Thursday,1
2022-04-01,2022,4,April,1,Friday,2
2022-04-02,2022,4,April,2,Saturday,2
2022-04-03,2022,4,April,3,Sunday,2
2022-04-04,2022,4,April,4,Monday,2
2022-04-05,2022,4,April,5,Tuesday,2
2022-04-06,2022,4,April,6,Wednesday,2
2022-04-07,2022,4,April,7,Thursday,2
2022-04-08,2022,4,April,8,Friday,2
2022-04-09,2022,4,April,9,Saturday,2
2022-04-10,2022,4,April,10,Sunday,2
2022-04-11,2022,4,April,11,Monday,2
2022-04-12,2022,4,April,12,Tuesday,2
2022-04-13,2022,4,April,13,Wednesday,2
2022-04-14,2022,4,April,14,Thursday,2
2022-04-15,2022,4,April,15,Friday,2
2022-04-16,2022,4,April,16,Saturday,2
2022-04-17,2022,4,April,17,Sunday,2
2022-04-18,2022,4,April,18,Monday,2
2022-04-19,2022,4,April,19,Tuesday,2
2022-04-20,2022,4,April,20,Wednesday,2
2022-04-21,2022,4,April,21,Thursday,2
2022-04-22,2022,4,April,22,Friday,2
2022-04-23,2022,4,April,23,Saturday,2
2022-04-24,2022,4,April,24,Sunday,2
2022-04-25,2022,4,April,25,Monday,2
2022-04-26,2022,4,April,26,Tuesday,2
2022-04-27,2022,4,April,27,Wednesday,2
2022-04-28,2022,4,April,28,Thursday,2
2022-04-29,2022,4,April,29,Friday,2
2022-04-30,2022,4,April,30,Saturday,2
2022-05-01,2022,5,May,1,Sunday,2
2022-05-02,2022,5,May,2,Monday,2
2022-05-03,2022,5,May,3,Tuesday,2
2022-05-04,2022,5,May,4,Wednesday,2
2022-05-05,2022,5,May,5,Thursday,2
2022-05-06,2022,5,May,6,Friday,2
2022-05-07,2022,5,May,7,Saturday,2
2022-05-08,2022,5,May,8,Sunday,2
2022-05-09,2022,5,May,9,Monday,2
2022-05-10,2022,5,May,10,Tuesday,2
2022-05-11,2022,5,May,11,Wednesday,2
2022-05-12,2022,5,May,12,Thursday,2
2022-05-13,2022,5,May,13,Friday,2
2022-05-14,2022,5,May,14,Saturday,2
2022-05-15,2022,5,May,15,Sunday,2
2022-05-16,2022,5,May,16,Monday,2
2022-05-17,2022,5,May,17,Tuesday,2
2022-05-18,2022,5,May,18,Wednesday,2
2022-05-19,2022,5,May,19,Thursday,2
2022-05-20,2022,5,May,20,Friday,2
2022-05-21,2022,5,May,21,Saturday,2
2022-05-22,2022,5,May,22,Sunday,2
2022-05-23,2022,5,May,23,Monday,2
2022-05-24,2022,5,May,24,Tuesday,2
2022-05-25,2022,5,May,25,Wednesday,2
2022-05-26,2022,5,May,26,Thursday,2
2022-05-27,2022,5,May,27,Friday,2
2022-05-28,2022,5,May,28,Saturday,2
2022-05-29,2022,5,May,29,Sunday,2
2022-05-30,2022,5,May,30,Monday,2
2022-05-31,2022,5,May,31,Tuesday,2
2022-06-01,2022,6,June,1,Wednesday,2
2022-06-02,2022,6,June,2,Thursday,2
2022-06-03,2022,6,June,3,Friday,2
2022-06-04,2022,6,June,4,Saturday,2
2022-06-05,2022,6,June,5,Sunday,2
2022-06-06,2022,6,June,6,Monday,2
2022-06-07,2022,6,June,7,Tuesday,2
2022-06-08,2022,6,June,8,Wednesday,2
2022-06-09,2022,6,June,9,Thursday,2
2022-06-10,2022,6,June,10,Friday,2
2022-06-11,2022,6,June,11,Saturday,2
2022-06-12,2022,6,June,12,Sunday,2
2022-06-13,2022,6,June,13,Monday,2
2022-06-14,2022,6,June,14,Tuesday,2
2022-06-15,2022,6,June,15,Wednesday,2
2022-06-16,2022,6,June,16,Thursday,2
2022-06-17,2022,6,June,17,Friday,2
2022-06-18,2022,6,June,18,Saturday,2
2022-06-19,2022,6,June,19,Sunday,2
2022-06-20,2022,6,June,20,Monday,2
2022-06-21,2022,6,June,21,Tuesday,2
2022-06-22,2022,6,June,22,Wednesday,2
2022-06-23,2022,6,June,23,Thursday,2
2022-06-24,2022,6,June,24,Friday,2
2022-06-25,2022,6,June,25,Saturday,2
2022-06-26,2022,6,June,26,Sunday,2
2022-06-27,2022,6,June,27,Monday,2
2022-06-28,2022,6,June,28,Tuesday,2
2022-06-29,2022,6,June,29,Wednesday,2
2022-06-30,2022,6,June,30,Thursday,2
2022-07-01,2022,7,July,1,Friday,3
2022-07-02,2022,7,July,2,Saturday,3
2022-07-03,2022,7,July,3,Sunday,3
2022-07-04,2022,7,July,4,Monday,3
2022-07-05,2022,7,July,5,Tuesday,3
2022-07-06,2022,7,July,6,Wednesday,3
2022-07-07,2022,7,July,7,Thursday,3
2022-07-08,2022,7,July,8,Friday,3
2022-07-09,2022,7,July,9,Saturday,3
2022-07-10,2022,7,July,10,Sunday,3
2022-07-11,2022,7,July,11,Monday,3
2022-07-12,2022,7,July,12,Tuesday,3
2022-07-13,2022,7,July,13,Wednesday,3
2022-07-14,2022,7,July,14,Thursday,3
2022-07-15,2022,7,July,15,Friday,3
2022-07-16,2022,7,July,16,Saturday,3
2022-07-17,2022,7,July,17,Sunday,3
2022-07-18,2022,7,July,18,Monday,3
2022-07-19,2022,7,July,19,Tuesday,3
2022-07-20,2022,7,July,20,Wednesday,3
2022-07-21,2022,7,July,21,Thursday,3
2022-07-22,2022,7,July,22,Friday,3
2022-07-23,2022,7,July,23,Saturday,3
2022-07-24,2022,7,July,24,Sunday,3
2022-07-25,2022,7,July,25,Monday,3
2022-07-26,2022,7,July,26,Tuesday,3
2022-07-27,2022,7,July,27,Wednesday,3
2022-07-28,2022,7,July,28,Thursday,3
2022-07-29,2022,7,July,29,Friday,3
2022-07-30,2022,7,July,30,Saturday,3
2022-07-31,2022,7,July,31,Sunday,3
2022-08-01,2022,8,August,1,Monday,3
2022-08-02,2022,8,August,2,Tuesday,3
2022-08-03,2022,8,August,3,Wednesday,3
2022-08-04,2022,8,August,4,Thursday,3
2022-08-05,2022,8,August,5,Friday,3
2022-08-06,2022,8,August,6,Saturday,3
2022-08-07,2022,8,August,7,Sunday,3
2022-08-08,2022,8,August,8,Monday,3
2022-08-09,2022,8,August,9,Tuesday,3
2022-08-10,2022,8,August,10,Wednesday,3
2022-08-11,2022,8,August,11,Thursday,3
2022-08-12,2022,8,August,12,Friday,3
2022-08-13,2022,8,August,13,Saturday,3
2022-08-14,2022,8,August,14,Sunday,3
2022-08-15,2022,8,August,15,Monday,3
2022-08-16,2022,8,August,16,Tuesday,3
2022-08-17,2022,8,August,17,Wednesday,3
2022-08-18,2022,8,August,18,Thursday,3
2022-08-19,2022,8,August,19,Friday,3
2022-08-20,2022,8,August,20,Saturday,3
2022-08-21,2022,8,August,21,Sunday,3
2022-08-22,2022,8,August,22,Monday,3
2022-08-23,2022,8,August,23,Tuesday,3
2022-08-24,2022,8,August,24,Wednesday,3
2022-08-25,2022,8,August,25,Thursday,3
2022-08-26,2022,8,August,26,Friday,3
2022-08-27,2022,8,August,27,Saturday,3
2022-08-28,2022,8,August,28,Sunday,3
2022-08-29,2022,8,August,29,Monday,3
2022-08-30,2022,8,August,30,Tuesday,3
2022-08-31,2022,8,August,31,Wednesday,3
2022-09-01,2022,9,September,1,Thursday,3
2022-09-02,2022,9,September,2,Friday,3
2022-09-03,2022,9,September,3,Saturday,3
2022-09-04,2022,9,September,4,Sunday,3
2022-09-05,2022,9,September,5,Monday,3
2022-09-06,2022,9,September,6,Tuesday,3
2022-09-07,2022,9,September,7,Wednesday,3
2022-09-08,2022,9,September,8,Thursday,3
2022-09-09,2022,9,September,9,Friday,3
2022-09-10,2022,9,September,10,Saturday,3
2022-09-11,2022,9,September,11,Sunday,3
2022-09-12,2022,9,September,12,Monday,3
2022-09-13,2022,9,September,13,Tuesday,3
2022-09-14,2022,9,September,14,Wednesday,3
2022-09-15,2022,9,September,15,Thursday,3
2022-09-16,2022,9,September,16,Friday,3
2022-09-17,2022,9,September,17,Saturday,3
2022-09-18,2022,9,September,18,Sunday,3
2022-09-19,2022,9,September,19,Monday,3
2022-09-20,2022,9,September,20,Tuesday,3
2022-09-21,2022,9,September,21,Wednesday,3
2022-09-22,2022,9,September,22,Thursday,3
2022-09-23,2022,9,September,23,Friday,3
2022-09-24,2022,9,September,24,Saturday,3
2022-09-25,2022,9,September,25,Sunday,3
2022-09-26,2022,9,September,26,Monday,3
2022-09-27,2022,9,September,27,Tuesday,3
2022-09-28,2022,9,September,28,Wednesday,3
2022-09-29,2022,9,September,29,Thursday,3
2022-09-30,2022,9,September,30,Friday,3
2022-10-01,2022,10,October,1,Saturday,4
2022-10-02,2022,10,October,2,Sunday,4
2022-10-03,2022,10,October,3,Monday,4
2022-10-04,2022,10,October,4,Tuesday,4
2022-10-05,2022,10,October,5,Wednesday,4
2022-10-06,2022,10,October,6,Thursday,4
2022-10-07,2022,10,October,7,Friday,4
2022-10-08,2022,10,October,8,Saturday,4
2022-10-09,2022,10,October,9,Sunday,4
2022-10-10,2022,10,October,10,Monday,4
2022-10-11,2022,10,October,11,Tuesday,4
2022-10-12,2022,10,October,12,Wednesday,4
2022-10-13,2022,10,October,13,Thursday,4
2022-10-14,2022,10,October,14,Friday,4
2022-10-15,2022,10,October,15,Saturday,4
2022-10-16,2022,10,October,16,Sunday,4
2022-10-17,2022,10,October,17,Monday,4
2022-10-18,2022,10,October,18,Tuesday,4
2022-10-19,2022,10,October,19,Wednesday,4
2022-10-20,2022,10,October,20,Thursday,4
2022-10-21,2022,10,October,21,Friday,4
2022-10-22,2022,10,October,22,Saturday,4
2022-10-23,2022,10,October,23,Sunday,4
2022-10-24,2022,10,October,24,Monday,4
2022-10-25,2022,10,October,25,Tuesday,4
2022-10-26,2022,10,October,26,Wednesday,4
2022-10-27,2022,10,October,27,Thursday,4
2022-10-28,2022,10,October,28,Friday,4
2022-10-29,2022,10,October,29,Saturday,4
2022-10-30,2022,10,October,30,Sunday,4
2022-10-31,2022,10,October,31,Monday,4
2022-11-01,2022,11,November,1,Tuesday,4
2022-11-02,2022,11,November,2,Wednesday,4
2022-11-03,2022,11,November,3,Thursday,4
2022-11-04,2022,11,November,4,Friday,4
2022-11-05,2022,11,November,5,Saturday,4
2022-11-06,2022,11,November,6,Sunday,4
2022-11-07,2022,11,November,7,Monday,4
2022-11-08,2022,11,November,8,Tuesday,4
2022-11-09,2022,11,November,9,Wednesday,4
2022-11-10,2022,11,November,10,Thursday,4
2022-11-11,2022,11,November,11,Friday,4
2022-11-12,2022,11,November,12,Saturday,4
2022-11-13,2022,11,November,13,Sunday,4
2022-11-14,2022,11,November,14,Monday,4
2022-11-15,2022,11,November,15,Tuesday,4
2022-11-16,2022,11,November,16,Wednesday,4
2022-11-17,2022,11,November,17,Thursday,4
2022-11-18,2022,11,November,18,Friday,4
2022-11-19,2022,11,November,19,Saturday,4
2022-11-20,2022,11,November,20,Sunday,4
2022-11-21,2022,11,November,21,Monday,4
2022-11-22,2022,11,November,22,Tuesday,4
2022-11-23,2022,11,November,23,Wednesday,4
2022-11-24,2022,11,November,24,Thursday,4
2022-11-25,2022,11,November,25,Friday,4
2022-11-26,2022,11,November,26,Saturday,4
2022-11-27,2022,11,November,27,Sunday,4
2022-11-28,2022,11,November,28,Monday,4
2022-11-29,2022,11,November,29,Tuesday,4
2022-11-30,2022,11,November,30,Wednesday,4
2022-12-01,2022,12,December,1,Thursday,4
2022-12-02,2022,12,December,2,Friday,4
2022-12-03,2022,12,December,3,Saturday,4
2022-12-04,2022,12,December,4,Sunday,4
2022-12-05,2022,12,December,5,Monday,4
2022-12-06,2022,12,December,6,Tuesday,4
2022-12-07,2022,12,December,7,Wednesday,4
2022-12-08,2022,12,December,8,Thursday,4
2022-12-09,2022,12,December,9,Friday,4
2022-12-10,2022,12,December,10,Saturday,4
2022-12-11,2022,12,December,11,Sunday,4
2022-12-12,2022,12,December,12,Monday,4
2022-12-13,2022,12,December,13,Tuesday,4
2022-12-14,2022,12,December,14,Wednesday,4
2022-12-15,2022,12,December,15,Thursday,4
2022-12-16,2022,12,December,16,Friday,4
2022-12-17,2022,12,December,17,Saturday,4
2022-12-18,2022,12,December,18,Sunday,4
2022-12-19,2022,12,December,19,Monday,4
2022-12-20,2022,12,December,20,Tuesday,4
2022-12-21,2022,12,December,21,Wednesday,4
2022-12-22,2022,12,December,22,Thursday,4
2022-12-23,2022,12,December,23,Friday,4
2022-12-24,2022,12,December,24,Saturday,4
2022-12-25,2022,12,December,25,Sunday,4
2022-12-26,2022,12,December,26,Monday,4
2022-12-27,2022,12,December,27,Tuesday,4
2022-12-28,2022,12,December,28,Wednesday,4
2022-12-29,2022,12,December,29,Thursday,4
2022-12-30,2022,12,December,30,Friday,4
2022-12-31,2022,12,December,31,Saturday,4
2023-01-01,2023,1,January,1,Sunday,1
2023-01-02,2023,1,January,2,Monday,1
2023-01-03,2023,1,January,3,Tuesday,1
2023-01-04,2023,1,January,4,Wednesday,1
2023-01-05,2023,1,January,5,Thursday,1
2023-01-06,2023,1,January,6,Friday,1
2023-01-07,2023,1,January,7,Saturday,1
2023-01-08,2023,1,January,8,Sunday,1
2023-01-09,2023,1,January,9,Monday,1
2023-01-10,2023,1,January,10,Tuesday,1
2023-01-11,2023,1,January,11,Wednesday,1
2023-01-12,2023,1,January,12,Thursday,1
2023-01-13,2023,1,January,13,Friday,1
2023-01-14,2023,1,January,14,Saturday,1
2023-01-15,2023,1,January,15,Sunday,1
2023-01-16,2023,1,January,16,Monday,1
2023-01-17,2023,1,January,17,Tuesday,1
2023-01-18,2023,1,January,18,Wednesday,1
2023-01-19,2023,1,January,19,Thursday,1
2023-01-20,2023,1,January,20,Friday,1
2023-01-21,2023,1,January,21,Saturday,1
2023-01-22,2023,1,January,22,Sunday,1
2023-01-23,2023,1,January,23,Monday,1
2023-01-24,2023,1,January,24,Tuesday,1
2023-01-25,2023,1,January,25,Wednesday,1
2023-01-26,2023,1,January,26,Thursday,1
2023-01-27,2023,1,January,27,Friday,1
2023-01-28,2023,1,January,28,Saturday,1
2023-01-29,2023,1,January,29,Sunday,1
2023-01-30,2023,1,January,30,Monday,1
2023-01-31,2023,1,January,31,Tuesday,1
2023-02-01,2023,2,February,1,Wednesday,1
2023-02-02,2023,2,February,2,Thursday,1
2023-02-03,2023,2,February,3,Friday,1
2023-02-04,2023,2,February,4,Saturday,1
2023-02-05,2023,2,February,5,Sunday,1
2023-02-06,2023,2,February,6,Monday,1
2023-02-07,2023,2,February,7,Tuesday,1
2023-02-08,2023,2,February,8,Wednesday,1
2023-02-09,2023,2,February,9,Thursday,1
2023-02-10,2023,2,February,10,Friday,1
2023-02-11,2023,2,February,11,Saturday,1
2023-02-12,2023,2,February,12,Sunday,1
2023-02-13,2023,2,February,13,Monday,1
2023-02-14,2023,2,February,14,Tuesday,1
2023-02-15,2023,2,February,15,Wednesday,1
2023-02-16,2023,2,February,16,Thursday,1
2023-02-17,2023,2,February,17,Friday,1
2023-02-18,2023,2,February,18,Saturday,1
2023-02-19,2023,2,February,19,Sunday,1
2023-02-20,2023,2,February,20,Monday,1
2023-02-21,2023,2,February,21,Tuesday,1
2023-02-22,2023,2,February,22,Wednesday,1
2023-02-23,2023,2,February,23,Thursday,1
2023-02-24,2023,2,February,24,Friday,1
2023-02-25,2023,2,February,25,Saturday,1
2023-02-26,2023,2,February,26,Sunday,1
2023-02-27,2023,2,February,27,Monday,1
2023-02-28,2023,2,February,28,Tuesday,1
2023-03-01,2023,3,March,1,Wednesday,1
2023-03-02,2023,3,March,2,Thursday,1
2023-03-03,2023,3,March,3,Friday,1
2023-03-04,2023,3,March,4,Saturday,1
2023-03-05,2023,3,March,5,Sunday,1
2023-03-06,2023,3,March,6,Monday,1
2023-03-07,2023,3,March,7,Tuesday,1
2023-03-08,2023,3,March,8,Wednesday,1
2023-03-09,2023,3,March,9,Thursday,1
2023-03-10,2023,3,March,10,Friday,1
2023-03-11,2023,3,March,11,Saturday,1
2023-03-12,2023,3,March,12,Sunday,1
2023-03-13,2023,3,March,13,Monday,1
2023-03-14,2023,3,March,14,Tuesday,1
2023-03-15,2023,3,March,15,Wednesday,1
2023-03-16,2023,3,March,16,Thursday,1
2023-03-17,2023,3,March,17,Friday,1
2023-03-18,2023,3,March,18,Saturday,1
2023-03-19,2023,3,March,19,Sunday,1
2023-03-20,2023,3,March,20,Monday,1
2023-03-21,2023,3,March,21,Tuesday,1
2023-03-22,2023,3,March,22,Wednesday,1
2023-03-23,2023,3,March,23,Thursday,1
2023-03-24,2023,3,March,24,Friday,1
2023-03-25,2023,3,March,25,Saturday,1
2023-03-26,2023,3,March,26,Sunday,1
2023-03-27,2023,3,March,27,Monday,1
2023-03-28,2023,3,March,28,Tuesday,1
2023-03-29,2023,3,March,29,Wednesday,1
2023-03-30,2023,3,March,30,Thursday,1
2023-03-31,2023,3,March,31,Friday,1
2023-04-01,2023,4,April,1,Saturday,2
